{
  "ACTION_LOW": [
    -1.0,
    -1.0,
    -1.0,
    -1.0,
    -1.0,
    -1.0,
    -1.0,
    -1.0
  ],
  "STATE_HIGH": [
    3.130141693186874,
    1.4999332916218564,
    1.4999137732858685,
    1.4999476289696387,
    1.499805220317317,
    1.0177612092712336,
    2.057346593296032,
    1.008709199331974,
    0.0514887112052448,
    1.006751387790862,
    -0.07127302858184412,
    1.009378344047091,
    2.018683820188546,
    5.873946549613774,
    4.658311414998128,
    8.310023491175272,
    12.725108279334199,
    15.227701575078573,
    12.268115679072523,
    25.108138964472868,
    24.81267491416947,
    24.24565797754346,
    20.89802809040029,
    25.44509388024376,
    21.194891454383864,
    24.840744833474442,
    26.549993599223875,
    0.001,
    0.001,
    0.001,
    0.001,
    0.001,
    0.001,
    1.5,
    1.5,
    1.5,
    1.5,
    1.5,
    1.5,
    0.001,
    0.001,
    0.001,
    0.001,
    0.001,
    0.001,
    1.5,
    1.5,
    1.5,
    1.5,
    1.5,
    1.5,
    1.5,
    1.5,
    1.5,
    1.5,
    1.5,
    1.5,
    0.001,
    0.001,
    0.001,
    0.001,
    0.001,
    0.001,
    1.5,
    1.5,
    1.5,
    1.5,
    1.5,
    1.5,
    1.5,
    1.5,
    1.5,
    1.5,
    1.5,
    1.5,
    0.001,
    0.001,
    0.001,
    0.001,
    0.001,
    0.001,
    1.5,
    1.5,
    1.5,
    1.5,
    1.5,
    1.5,
    1.5,
    1.5,
    1.5,
    1.5,
    1.5,
    1.5,
    0.001,
    0.001,
    0.001,
    0.001,
    0.001,
    0.001,
    1.5,
    1.5,
    1.5,
    1.5,
    1.5,
    1.5,
    1.5,
    1.5,
    1.5,
    1.5,
    1.5,
    1.5
  ],
  "STATE_LOW": [
    0.17597225599875788,
    -1.496361398607076,
    -1.4999829836177523,
    -1.4998713807280362,
    -1.499740557186847,
    -1.0137353642556646,
    -0.12057214246748814,
    -1.0150769173982461,
    -2.028136736093904,
    -1.0185489461246637,
    -2.067372663964674,
    -1.0201181468590672,
    0.032946418014227354,
    -5.69457842895482,
    -6.011431565560363,
    -8.212871073884973,
    -15.09645367132641,
    -16.778428631193652,
    -12.77091861004891,
    -24.46957382515262,
    -21.12198028523205,
    -24.680061723583407,
    -26.75937284217496,
    -24.916379858131272,
    -25.811786880512173,
    -25.130609932250962,
    -21.213422629649862,
    0.0,
    0.0,
    0.0,
    0.0,
    0.0,
    0.0,
    -1.5,
    -1.5,
    -1.5,
    -1.5,
    -1.5,
    0.0,
    0.0,
    0.0,
    0.0,
    0.0,
    0.0,
    0.0,
    -1.5,
    -1.5,
    -1.5,
    -1.5,
    -1.5,
    0.0,
    -1.5,
    -1.5,
    -1.5,
    -1.5,
    -1.5,
    0.0,
    0.0,
    0.0,
    0.0,
    0.0,
    0.0,
    0.0,
    -1.5,
    -1.5,
    -1.5,
    -1.5,
    -1.5,
    0.0,
    -1.5,
    -1.5,
    -1.5,
    -1.5,
    -1.5,
    0.0,
    0.0,
    0.0,
    0.0,
    0.0,
    0.0,
    0.0,
    -1.5,
    -1.5,
    -1.5,
    -1.5,
    -1.5,
    0.0,
    -1.5,
    -1.5,
    -1.5,
    -1.5,
    -1.5,
    0.0,
    0.0,
    0.0,
    0.0,
    0.0,
    0.0,
    0.0,
    -1.5,
    -1.5,
    -1.5,
    -1.5,
    -1.5,
    0.0,
    -1.5,
    -1.5,
    -1.5,
    -1.5,
    -1.5,
    0.0
  ],
  "ACTION_HIGH": [
    1.0,
    1.0,
    1.0,
    1.0,
    1.0,
    1.0,
    1.0,
    1.0
  ]
}