{
  "STATE_LOW": [
    -0.4084017275545131,
    -0.20454353165659633,
    -0.6324031505631791,
    -0.6347192150744938,
    -0.6820118901023368,
    -0.9486825043563545,
    -1.118099285018579,
    -0.9128824666797793,
    -2.3831874875842884,
    -2.9724083632012706,
    -5.525110362786238,
    -17.342039652828532,
    -20.467356889360214,
    -22.36911886877476,
    -16.481050393310774,
    -24.410834206227083,
    -20.493217135881732,
    -3.382176370301476,
    0.0,
    0.23137037546232128
  ],
  "ACTION_LOW": [
    -1.0,
    -1.0,
    -1.0,
    -1.0,
    -1.0,
    -1.0
  ],
  "ACTION_HIGH": [
    1.0,
    1.0,
    1.0,
    1.0,
    1.0,
    1.0
  ],
  "STATE_HIGH": [
    0.14728571789250533,
    0.3831468124272903,
    0.7656036693380294,
    1.038276364680901,
    0.7365206749653783,
    0.7725933617586713,
    0.845938027007429,
    0.832072184554174,
    2.4387520145441535,
    2.451719194463119,
    6.187564958797182,
    16.42664048519734,
    23.29321089028828,
    20.856442078459757,
    19.81083298614777,
    19.381591045656947,
    19.63904014116868,
    0.7751147782614105,
    0.001,
    0.9787030177766494
  ]
}