{
    "ACTION_HIGH": [
        3.0
    ],
    "ACTION_LOW": [
        -3.0
    ],
    "STATE_HIGH": [
        1.6704639952431592,
        2.5793015923375884,
        10.385337670238197,
        12.70950542046576
    ],
    "STATE_LOW": [
        -1.6537918782649992,
        -2.615335922541212,
        -9.63022249746068,
        -12.819084747393138
    ]
}