{
    "ACTION_HIGH": [
        1.0,
        1.0
    ],
    "ACTION_LOW": [
        -1.0,
        -1.0
    ],
    "STATE_HIGH": [
        1.4999999992699684,
        1.4999999999926,
        1.4999999991275916,
        1.499999970735803,
        0.29729134353205555,
        0.29634173154743415,
        60.36605936115514,
        46.26160376121173,
        0.601586743437445,
        0.5992014262536878,
        0.001
    ],
    "STATE_LOW": [
        -1.499999999894368,
        -1.499999995798408,
        -1.4999999929283478,
        -1.4999999999640983,
        -0.2867689327981962,
        -0.284696668495891,
        -64.37713634148346,
        -44.30120643422737,
        -0.6120549027074086,
        -0.6082252695901553,
        0.0
    ]
}