{
    "ACTION_HIGH": [
        1.0,
        1.0
    ],
    "ACTION_LOW": [
        -1.0,
        -1.0
    ],
    "STATE_HIGH": [
        3.4246452502837785,
        2.659777644031235,
        2.659858535683191,
        3.8671704160948464,
        4.749813264911672,
        4.67587991537024,
        9.34232696678924,
        9.288255598394977
    ],
    "STATE_LOW": [
        -3.4643157547616292,
        -2.6677544406166107,
        -2.6586881119553794,
        -4.134044920922618,
        -4.895441284068376,
        -4.669101644602016,
        -8.88435860030778,
        -10.06443474068081
    ]
}